{
  "split": "test",
  "top_k": 50,
  "n_queries": 129,
  "overall": {
    "bm25": {
      "ndcg@5": 0.6542323417261544,
      "ndcg@10": 0.642368625677047,
      "ndcg@20": 0.6038668052836524,
      "mrr": 0.7195113510520488,
      "p@5": 0.6728682170542636,
      "p@10": 0.6488372093023256,
      "r@10": 0.25953488372093025,
      "r@50": 0.4055813953488372
    },
    "faiss": {
      "ndcg@5": 0.7640247018452142,
      "ndcg@10": 0.7433980364070609,
      "ndcg@20": 0.6976439908589349,
      "mrr": 0.8342589895644471,
      "p@5": 0.7705426356589148,
      "p@10": 0.7387596899224806,
      "r@10": 0.29550387596899225,
      "r@50": 0.46635658914728684
    },
    "hybrid_rrf": {
      "ndcg@5": 0.7619695250917887,
      "ndcg@10": 0.7409437393068671,
      "ndcg@20": 0.6849035933897913,
      "mrr": 0.8207880817578526,
      "p@5": 0.7720930232558139,
      "p@10": 0.737984496124031,
      "r@10": 0.2951937984496124,
      "r@50": 0.46015503875968994
    },
    "ranker": {
      "ndcg@5": 0.910037990965815,
      "ndcg@10": 0.882785899014867,
      "ndcg@20": 0.7639627870978726,
      "mrr": 0.9497367547755144,
      "p@5": 0.9069767441860465,
      "p@10": 0.8713178294573644,
      "r@10": 0.34852713178294575,
      "r@50": 0.4629457364341085
    },
    "ranker_ce": {
      "ndcg@5": 0.824165581206297,
      "ndcg@10": 0.8059766796456458,
      "ndcg@20": 0.7327240472730382,
      "mrr": 0.8750921770403615,
      "p@5": 0.8341085271317829,
      "p@10": 0.8038759689922481,
      "r@10": 0.32155038759689925,
      "r@50": 0.4629457364341085
    }
  },
  "by_query_type": {
    "exact/bm25": {
      "ndcg@5": 0.7914218291574213,
      "ndcg@10": 0.7922238212568582,
      "ndcg@20": 0.7205770311549894,
      "mrr": 0.8336080586080586,
      "p@5": 0.8115384615384615,
      "p@10": 0.801923076923077,
      "r@10": 0.32076923076923075,
      "r@50": 0.4592307692307692
    },
    "exact/faiss": {
      "ndcg@5": 0.8171555284524104,
      "ndcg@10": 0.8009506894366175,
      "ndcg@20": 0.732351984991568,
      "mrr": 0.8713235294117647,
      "p@5": 0.823076923076923,
      "p@10": 0.8,
      "r@10": 0.32,
      "r@50": 0.47692307692307695
    },
    "exact/hybrid_rrf": {
      "ndcg@5": 0.8529991189147418,
      "ndcg@10": 0.846325391451846,
      "ndcg@20": 0.7555301799602011,
      "mrr": 0.8940018315018315,
      "p@5": 0.8653846153846154,
      "p@10": 0.8500000000000001,
      "r@10": 0.33999999999999997,
      "r@50": 0.4753846153846154
    },
    "exact/ranker": {
      "ndcg@5": 0.972628042746197,
      "ndcg@10": 0.9539789743674937,
      "ndcg@20": 0.8076150024585047,
      "mrr": 0.9825174825174826,
      "p@5": 0.9692307692307692,
      "p@10": 0.9461538461538462,
      "r@10": 0.37846153846153846,
      "r@50": 0.4761538461538462
    },
    "exact/ranker_ce": {
      "ndcg@5": 0.9029413255154946,
      "ndcg@10": 0.8951924775306926,
      "ndcg@20": 0.7830048526969637,
      "mrr": 0.9262820512820512,
      "p@5": 0.9115384615384615,
      "p@10": 0.8961538461538462,
      "r@10": 0.3584615384615385,
      "r@50": 0.4761538461538462
    },
    "noisy/bm25": {
      "ndcg@5": 0.6522132649092584,
      "ndcg@10": 0.6218130683596683,
      "ndcg@20": 0.560032620575297,
      "mrr": 0.6526315789473685,
      "p@5": 0.6736842105263158,
      "p@10": 0.6210526315789474,
      "r@10": 0.24842105263157893,
      "r@50": 0.3557894736842105
    },
    "noisy/faiss": {
      "ndcg@5": 0.7709875129977661,
      "ndcg@10": 0.7299430127677095,
      "ndcg@20": 0.6961624701567747,
      "mrr": 0.8361034164358264,
      "p@5": 0.7684210526315789,
      "p@10": 0.7105263157894737,
      "r@10": 0.28421052631578947,
      "r@50": 0.45894736842105266
    },
    "noisy/hybrid_rrf": {
      "ndcg@5": 0.7841967506515689,
      "ndcg@10": 0.7397538127111009,
      "ndcg@20": 0.6623081401543056,
      "mrr": 0.8170731707317073,
      "p@5": 0.7894736842105263,
      "p@10": 0.7263157894736842,
      "r@10": 0.2905263157894737,
      "r@50": 0.44421052631578944
    },
    "noisy/ranker": {
      "ndcg@5": 0.9215126477847593,
      "ndcg@10": 0.8652797596840183,
      "ndcg@20": 0.7568709928548634,
      "mrr": 0.949317738791423,
      "p@5": 0.9157894736842105,
      "p@10": 0.8368421052631579,
      "r@10": 0.33473684210526317,
      "r@50": 0.4526315789473684
    },
    "noisy/ranker_ce": {
      "ndcg@5": 0.811967740684014,
      "ndcg@10": 0.7959922863865735,
      "ndcg@20": 0.7211472436338684,
      "mrr": 0.8615984405458089,
      "p@5": 0.8210526315789474,
      "p@10": 0.7947368421052632,
      "r@10": 0.3178947368421053,
      "r@50": 0.4526315789473684
    },
    "paraphrase/bm25": {
      "ndcg@5": 0.5318962919519329,
      "ndcg@10": 0.5147494087611854,
      "ndcg@20": 0.5135895253551911,
      "mrr": 0.6391266420361248,
      "p@5": 0.5482758620689655,
      "p@10": 0.5206896551724138,
      "r@10": 0.2082758620689655,
      "r@50": 0.3737931034482759
    },
    "paraphrase/faiss": {
      "ndcg@5": 0.7141092467508575,
      "ndcg@10": 0.6962067862624184,
      "ndcg@20": 0.667011804625213,
      "mrr": 0.8004245036572623,
      "p@5": 0.7241379310344828,
      "p@10": 0.6931034482758621,
      "r@10": 0.27724137931034487,
      "r@50": 0.4593103448275862
    },
    "paraphrase/hybrid_rrf": {
      "ndcg@5": 0.6730754532912819,
      "ndcg@10": 0.646853440923775,
      "ndcg@20": 0.6289851642486348,
      "mrr": 0.7563651218062983,
      "p@5": 0.6827586206896552,
      "p@10": 0.6413793103448276,
      "r@10": 0.25655172413793104,
      "r@50": 0.4517241379310345
    },
    "paraphrase/ranker": {
      "ndcg@5": 0.8501638328254736,
      "ndcg@10": 0.8246923943415833,
      "ndcg@20": 0.7271494921300156,
      "mrr": 0.9204844006568145,
      "p@5": 0.8482758620689655,
      "p@10": 0.8155172413793104,
      "r@10": 0.3262068965517242,
      "r@50": 0.45448275862068965
    },
    "paraphrase/ranker_ce": {
      "ndcg@5": 0.757534896134661,
      "ndcg@10": 0.7292608517473688,
      "ndcg@20": 0.6914371056713157,
      "mrr": 0.8336181689856825,
      "p@5": 0.7689655172413793,
      "p@10": 0.7241379310344828,
      "r@10": 0.2896551724137931,
      "r@50": 0.45448275862068965
    }
  }
}